Player,bat_Span,bat_Mat,bat_Inns,bat_NO,bat_Runs,bat_HS,bat_Ave,bat_BF,bat_SR,bat_100,bat_50,bat_0,bat_,bowl_Span,bowl_Mat,bowl_Inns,bowl_Balls,bowl_Runs,bowl_Wkts,bowl_BBI,bowl_Ave,bowl_Econ,bowl_SR,bowl_4,bowl_5,bowl_
A Balbirnie,2010-2025,117,110,8,3264,145*,32,4396,74.24,9,17,8,,,,,,,,,,,,,,
A Flintoff,1999-2009,141,122,16,3394,123,32.01,3821,88.82,3,18,9,,1999-2009,141,119,5624,4121,169,5/19,24.38,4.39,33.2,6,2,
A Flower,1992-2003,213,208,16,6786,145,35.34,9097,74.59,4,55,13,,,,,,,,,,,,,,
A Jadeja,1992-2000,196,179,36,5359,119,37.47,7678,69.79,6,30,10,,,,,,,,,,,,,,
A Kumble,,,,,,,,,,,,,,1990-2007,271,265,14496,10412,337,6/12,30.89,4.3,43,8,2,
A Nehra,,,,,,,,,,,,,,2001-2011,120,120,5751,4981,157,6/23,31.72,5.19,36.6,5,2,
A Nel,,,,,,,,,,,,,,2001-2008,79,76,3801,2935,106,5/45,27.68,4.63,35.8,3,1,
A Ranatunga,1982-1999,269,255,47,7456,131*,35.84,9571,77.9,4,49,18,,1982-1999,269,135,4710,3757,79,4/14,47.55,4.78,59.6,1,0,
A Symonds,1998-2009,198,161,33,5088,156,39.75,5504,92.44,6,30,15,,1998-2009,198,158,5935,4955,133,5/18,37.25,5,44.6,2,1,
A Zampa,,,,,,,,,,,,,,2016-2026,121,121,6309,5809,198,5/35,29.33,5.52,31.8,12,1,
AA Donald,,,,,,,,,,,,,,1991-2003,164,162,8561,5926,272,6/23,21.78,4.15,31.4,11,2,
AB Agarkar,,,,,,,,,,,,,,1998-2007,191,188,9484,8021,288,6/42,27.85,5.07,32.9,10,2,
AB de Villiers,2005-2018,228,218,39,9577,176,53.5,9473,101.09,25,53,7,,,,,,,,,,,,,,
AC Cummins,,,,,,,,,,,,,,1991-2007,76,74,3767,2877,91,5/31,31.61,4.58,41.3,2,1,
AC Gilchrist,1996-2008,287,279,11,9619,172,35.89,9922,96.94,16,55,19,,,,,,,,,,,,,,
AC Hudson,1991-1997,89,88,1,2559,161,29.41,3960,64.62,2,18,6,,,,,,,,,,,,,,
AC Parore,1992-2002,179,161,32,3314,108,25.68,4867,68.09,1,14,19,,,,,,,,,,,,,,
AD Hales,2014-2019,70,67,3,2419,171,37.79,2527,95.72,6,14,5,,,,,,,,,,,,,,
AD Mathews,2008-2023,226,195,48,5916,139*,40.24,7136,82.9,3,40,17,,2008-2023,226,163,5324,4110,126,6/20,32.61,4.63,42.2,2,1,
ADR Campbell,1992-2003,188,184,14,5185,131*,30.5,7834,66.18,7,30,11,,,,,,,,,,,,,,
AG Cremer,,,,,,,,,,,,,,2009-2018,96,95,4680,3597,119,6/46,30.22,4.61,39.3,4,3,
AH Jones,1987-1995,87,87,9,2784,93,35.69,4811,57.86,0,25,4,,,,,,,,,,,,,,
AJ Bichel,,,,,,,,,,,,,,1997-2004,67,66,3257,2463,78,7/20,31.57,4.53,41.7,1,2,
AJ Finch,2013-2022,146,142,3,5406,153*,38.89,6162,87.73,17,30,16,,,,,,,,,,,,,,
AJ Hall,,,,,,,,,,,,,,1999-2007,88,78,3341,2515,95,5/18,26.47,4.51,35.1,3,1,
AJ Lamb,1982-1992,122,118,16,4010,118,39.31,5308,75.54,4,26,8,,,,,,,,,,,,,,
AJ Stewart,1989-2003,170,162,14,4677,116,31.6,6841,68.36,4,28,13,,,,,,,,,,,,,,
AJ Strauss,2003-2011,127,126,8,4205,158,35.63,5195,80.94,6,27,9,,,,,,,,,,,,,,
AK Markram,2017-2025,86,82,9,2708,175,37.09,2766,97.9,4,14,6,,,,,,,,,,,,,,
AL Logie,1981-1993,158,133,36,2809,109*,28.95,3801,73.9,1,14,13,,,,,,,,,,,,,,
AL Phehlukwayo,,,,,,,,,,,,,,2016-2024,85,79,3175,3041,97,4/22,31.35,5.74,32.7,3,0,
AM Rahane,2011-2018,90,87,3,2962,111,35.26,3767,78.63,3,24,6,,,,,,,,,,,,,,
AME Roberts,,,,,,,,,,,,,,1975-1983,56,56,3123,1771,87,5/22,20.35,3.4,35.8,2,1,
AN Cook,2006-2014,92,92,4,3204,137,36.4,4154,77.13,5,19,7,,,,,,,,,,,,,,
AP Gurusinha,1985-1996,147,143,5,3902,117*,28.27,6409,60.88,2,22,12,,,,,,,,,,,,,,
AR Border,1979-1994,273,252,39,6524,127*,30.62,9134,71.42,3,39,11,,,,,,,,,,,,,,
AR McBrine,,,,,,,,,,,,,,2014-2025,96,91,4523,3459,91,5/29,38.01,4.58,49.7,2,1,
AR Patel,,,,,,,,,,,,,,2014-2026,74,69,3460,2619,80,4/62,32.73,4.54,43.2,1,0,
AS Joseph,,,,,,,,,,,,,,2016-2026,88,85,4334,3919,141,5/56,27.79,5.42,30.7,6,1,
AT Carey,2018-2026,91,83,13,2351,106,33.58,2628,89.45,1,13,6,,,,,,,,,,,,,,
AU Rashid,,,,,,,,,,,,,,2009-2026,164,158,8189,7703,243,5/27,31.69,5.64,33.6,10,2,
Aamer Sohail,1990-2000,156,155,5,4780,134,31.86,7297,65.5,5,31,10,,1990-2000,156,125,4836,3703,85,4/22,43.56,4.59,56.8,1,0,
Aaqib Javed,,,,,,,,,,,,,,1988-1998,163,159,8012,5721,182,7/37,31.43,4.28,44,2,4,
Abdul Qadir,,,,,,,,,,,,,,1983-1993,104,100,5100,3454,132,5/44,26.16,4.06,38.6,4,2,
Abdul Razzaq,1996-2011,265,228,57,5080,112,29.7,6252,81.25,3,23,14,,1996-2011,265,254,10941,8564,269,6/35,31.83,4.69,40.6,8,3,
Abdur Razzak,,,,,,,,,,,,,,2004-2014,153,152,7965,6065,207,5/29,29.29,4.56,38.4,5,4,
Ahmed Shehzad,2009-2017,81,81,1,2605,124,32.56,3614,72.08,6,14,7,,,,,,,,,,,,,,
Asghar Afghan,2009-2021,114,108,10,2424,101,24.73,3630,66.77,1,12,7,,,,,,,,,,,,,,
Azhar Mahmood,,,,,,,,,,,,,,1996-2007,143,139,6242,4813,123,6/18,39.13,4.62,50.7,2,3,
B Kumar,,,,,,,,,,,,,,2012-2022,121,120,5847,4951,141,5/42,35.11,5.08,41.4,4,1,
B Lee,,,,,,,,,,,,,,2000-2012,221,217,11185,8877,380,5/22,23.36,4.76,29.4,14,9,
BA Stokes,2011-2023,114,99,15,3463,182,41.22,3619,95.68,5,24,7,,,,,,,,,,,,,,
BAW Mendis,,,,,,,,,,,,,,2008-2015,87,84,4154,3324,152,6/13,21.86,4.8,27.3,7,3,
BB McCullum,2002-2016,260,228,28,6083,166,30.41,6312,96.37,5,32,20,,,,,,,,,,,,,,
BC Lara,1990-2007,299,289,32,10405,169,40.48,13086,79.51,19,63,16,,,,,,,,,,,,,,
BJ Haddin,2001-2015,126,115,16,3122,110,31.53,3706,84.24,2,16,2,,,,,,,,,,,,,,
BJ McCarthy,,,,,,,,,,,,,,2016-2025,48,48,2405,2366,81,5/46,29.2,5.9,29.6,3,1,
BKG Mendis,2016-2026,156,152,13,4962,143,35.69,5653,87.77,6,36,15,,,,,,,,,,,,,,
BKV Prasad,,,,,,,,,,,,,,1994-2001,161,160,8129,6332,196,5/27,32.3,4.67,41.4,3,1,
BL Cairns,,,,,,,,,,,,,,1974-1985,78,75,4015,2717,89,5/28,30.52,4.06,45.1,2,1,
BM Scholtz,,,,,,,,,,,,,,2019-2026,69,68,3593,2039,103,5/22,19.79,3.4,34.8,4,2,
BP Patterson,,,,,,,,,,,,,,1986-1993,59,58,3050,2206,90,6/29,24.51,4.33,33.8,1,1,
BRM Taylor,2004-2025,207,205,15,6704,145*,35.28,8761,76.52,11,39,16,,,,,,,,,,,,,,
Babar Azam,2015-2026,143,140,16,6626,158,53.43,7652,86.59,20,38,5,,,,,,,,,,,,,,
Bilal Khan,,,,,,,,,,,,,,2019-2024,49,49,2510,2118,101,5/31,20.97,5.06,24.8,4,4,
C Pringle,,,,,,,,,,,,,,1990-1995,64,64,3314,2459,103,5/45,23.87,4.45,32.1,2,1,
CA Walsh,,,,,,,,,,,,,,1985-2000,205,204,10822,6918,227,5/1,30.47,3.83,47.6,6,1,
CA Young,,,,,,,,,,,,,,2014-2024,48,45,2300,2094,81,5/46,25.85,5.46,28.3,1,1,
CB Mpofu,,,,,,,,,,,,,,2004-2020,84,83,3960,3581,93,6/52,38.5,5.42,42.5,2,1,
CD Collymore,,,,,,,,,,,,,,1999-2007,84,80,4074,2924,83,5/51,35.22,4.3,49,1,1,
CD McMillan,1997-2007,197,183,16,4707,117,28.18,6198,75.94,3,28,9,,,,,,,,,,,,,,
CEL Ambrose,,,,,,,,,,,,,,1988-2000,176,175,9353,5429,225,5/17,24.12,3.48,41.5,6,4,
CG Greenidge,1975-1991,128,127,13,5134,133*,45.03,7908,64.92,11,31,3,,,,,,,,,,,,,,
CG Rackemann,,,,,,,,,,,,,,1983-1991,52,52,2791,1833,82,5/16,22.35,3.94,34,3,1,
CH Gayle,1999-2019,301,294,17,10480,215,37.83,12019,87.19,25,54,25,,1999-2019,301,199,7424,5926,167,5/46,35.48,4.78,44.4,3,1,
CJ Chibhabha,2005-2023,109,109,2,2474,99,23.12,3913,63.22,0,16,8,,,,,,,,,,,,,,
CJ McDermott,,,,,,,,,,,,,,1985-1996,138,138,7461,5018,203,5/44,24.71,4.03,36.7,4,1,
CJ McKay,,,,,,,,,,,,,,2009-2014,59,59,2965,2364,97,5/28,24.37,4.78,30.5,4,2,
CK Langeveldt,,,,,,,,,,,,,,2001-2010,72,71,3489,2962,100,5/39,29.62,5.09,34.8,1,2,
CL Cairns,1991-2006,215,193,25,4950,115,29.46,5874,84.26,4,26,9,,1991-2006,215,186,8168,6594,201,5/42,32.8,4.84,40.6,3,1,
CL Hooper,1987-2003,227,206,43,5761,113*,35.34,7517,76.63,7,29,7,,1987-2003,227,203,9573,6958,193,4/34,36.05,4.36,49.6,3,0,
CR Ervine,2010-2026,131,127,15,3614,130*,32.26,4737,76.29,4,23,12,,,,,,,,,,,,,,
CR Matthews,,,,,,,,,,,,,,1991-1997,56,55,3003,1975,79,4/10,25,3.94,38,3,0,
CR Woakes,,,,,,,,,,,,,,2011-2023,122,118,5737,5193,173,6/45,30.01,5.43,33.1,11,3,
CRD Fernando,,,,,,,,,,,,,,2001-2012,147,141,6507,5648,187,6/27,30.2,5.2,34.7,3,1,
CS MacLeod,2008-2022,88,86,7,3026,175,38.3,3756,80.56,10,13,9,,,,,,,,,,,,,,
CZ Harris,1990-2004,250,213,62,4379,130,29,6583,66.51,1,16,12,,1990-2004,250,232,10667,7613,203,5/42,37.5,4.28,52.5,2,1,
D Gough,,,,,,,,,,,,,,1994-2006,159,156,8470,6209,235,5/44,26.42,4.39,36,10,2,
D Ramdin,2005-2016,139,110,22,2200,169,25,2738,80.35,2,8,4,,,,,,,,,,,,,,
DA Miller,2010-2025,178,154,45,4611,139,42.3,4447,103.68,7,24,9,,,,,,,,,,,,,,
DA Warner,2009-2023,161,159,6,6932,179,45.3,7127,97.26,22,33,4,,,,,,,,,,,,,,
DB Vengsarkar,1976-1991,129,120,19,3508,105,34.73,5179,67.73,1,23,7,,,,,,,,,,,,,,
DC Boon,1984-1995,181,177,16,5964,122,37.04,9157,65.13,5,37,6,,,,,,,,,,,,,,
DI Gower,1978-1991,114,111,8,3170,158,30.77,4218,75.15,7,12,6,,,,,,,,,,,,,,
DJ Bravo,2004-2014,164,141,24,2968,112*,25.36,3606,82.3,2,10,11,,2004-2014,164,150,6511,5874,199,6/43,29.51,5.41,32.7,6,1,
DJ Cullinan,1993-2000,138,133,16,3860,124,32.99,5492,70.28,3,23,10,,,,,,,,,,,,,,
DJ Mitchell,2021-2026,62,57,8,2811,137,57.36,2975,94.48,9,13,0,,,,,,,,,,,,,,
DJ Willey,,,,,,,,,,,,,,2015-2023,73,72,3230,2975,100,5/30,29.75,5.52,32.3,4,1,
DJG Sammy,,,,,,,,,,,,,,2004-2015,126,119,4956,3851,81,4/26,47.54,4.66,61.1,1,0,
DK Lillee,,,,,,,,,,,,,,1972-1983,63,63,3593,2145,103,5/34,20.82,3.58,34.8,5,1,
DK Morrison,,,,,,,,,,,,,,1987-1996,96,95,4586,3470,126,5/34,27.53,4.53,36.3,1,2,
DL Haynes,1978-1994,238,237,28,8648,152*,41.37,13707,63.09,17,57,13,,,,,,,,,,,,,,
DL Vettori,1997-2015,295,187,57,2253,83,17.33,2715,82.98,0,4,23,,1997-2015,295,277,14060,9674,305,5/7,31.71,4.12,46,8,2,
DM Bravo,2009-2022,122,117,14,3109,124,30.18,4434,70.11,4,18,9,,,,,,,,,,,,,,
DM Jones,1984-1994,164,161,25,6068,145,44.61,8362,72.56,7,46,6,,,,,,,,,,,,,,
DNT Zoysa,,,,,,,,,,,,,,1997-2007,95,93,4259,3213,108,5/26,29.75,4.52,39.4,2,1,
DPMD Jayawardene,1998-2015,448,418,39,12650,144,33.37,16020,78.96,19,77,28,,,,,,,,,,,,,,
DR Martyn,1992-2006,208,182,51,5346,144*,40.8,6877,77.73,5,37,10,,,,,,,,,,,,,,
DR Tuffey,,,,,,,,,,,,,,2000-2010,94,92,4333,3534,110,4/24,32.12,4.89,39.3,2,0,
DS Lehmann,1996-2005,117,101,22,3078,119,38.96,3784,81.34,4,17,4,,,,,,,,,,,,,,
DW Fleming,,,,,,,,,,,,,,1994-2001,88,88,4619,3402,134,5/36,25.38,4.41,34.4,4,1,
DW Steyn,,,,,,,,,,,,,,2005-2019,125,124,6256,5087,196,6/39,25.95,4.87,31.9,4,3,
Dawlat Zadran,,,,,,,,,,,,,,2011-2019,82,80,3769,3423,115,4/22,29.76,5.44,32.7,3,0,
E Chigumbura,2004-2018,213,198,26,4340,117,25.23,5423,80.02,2,19,17,,2004-2018,213,132,4339,4274,101,4/28,42.31,5.91,42.9,1,0,
E Lewis,2016-2025,70,67,5,2279,176*,36.75,2645,86.16,5,12,3,,,,,,,,,,,,,,
EC Joyce,2006-2018,78,77,8,2622,160*,38,3630,72.23,6,15,5,,,,,,,,,,,,,,
EJ Chatfield,,,,,,,,,,,,,,1979-1989,114,112,6065,3618,140,5/34,25.84,3.57,43.3,3,1,
EJG Morgan,2006-2022,248,230,34,7701,148,39.29,8447,91.16,14,47,18,,,,,,,,,,,,,,
F du Plessis,2011-2019,143,136,20,5507,185,47.47,6215,88.6,12,35,3,,,,,,,,,,,,,,
Fakhar Zaman,2017-2025,92,91,6,3861,210*,45.42,4145,93.14,11,19,8,,,,,,,,,,,,,,
G Gambhir,2003-2013,147,143,11,5238,150*,39.68,6144,85.25,11,34,11,,,,,,,,,,,,,,
G Kirsten,1993-2003,185,185,19,6798,188*,40.95,9436,72.04,13,45,11,,,,,,,,,,,,,,
GA Gooch,1976-1995,125,122,6,4290,142,36.98,6932,61.88,8,23,4,,,,,,,,,,,,,,
GA Hick,1991-2001,120,118,15,3846,126*,37.33,5191,74.08,5,27,10,,,,,,,,,,,,,,
GB Brent,,,,,,,,,,,,,,1996-2008,70,69,3390,2776,75,4/22,37.01,4.91,45.2,3,0,
GB Hogg,,,,,,,,,,,,,,1996-2008,123,113,5564,4188,156,5/32,26.84,4.51,35.6,3,2,
GC Smith,2002-2013,197,194,10,6989,141,37.98,8648,80.81,10,47,8,,,,,,,,,,,,,,
GD McGrath,,,,,,,,,,,,,,1993-2007,250,248,12970,8391,381,7/15,22.02,3.88,34,9,7,
GF Lawson,,,,,,,,,,,,,,1980-1989,79,79,4259,2592,88,4/26,29.45,3.65,48.3,1,0,
GH Dockrell,,,,,,,,,,,,,,2010-2025,133,110,4871,3984,111,4/24,35.89,4.9,43.8,4,0,
GJ Bailey,2012-2016,90,85,10,3044,156,40.58,3645,83.51,3,22,3,,,,,,,,,,,,,,
GJ Maxwell,2012-2025,149,136,18,3990,201*,33.81,3149,126.7,4,23,12,,2012-2025,149,119,4002,3644,77,4/40,47.32,5.46,51.9,4,0,
GJ Whittall,1993-2003,147,142,22,2705,83,22.54,4011,67.43,0,11,12,,1993-2003,147,112,4060,3481,88,4/35,39.55,5.14,46.1,1,0,
GM Wood,1978-1989,83,77,11,2219,114*,33.62,3725,59.57,3,11,4,,,,,,,,,,,,,,
GP Swann,,,,,,,,,,,,,,2000-2013,79,76,3809,2888,104,5/28,27.76,4.54,36.6,3,1,
GP Thorpe,1993-2002,82,77,13,2380,89,37.18,3344,71.17,0,21,3,,,,,,,,,,,,,,
GP Wickramasinghe,,,,,,,,,,,,,,1990-2002,134,132,5720,4321,109,4/48,39.64,4.53,52.4,1,0,
GR Larsen,,,,,,,,,,,,,,1990-1999,121,119,6368,4000,113,4/24,35.39,3.76,56.3,1,0,
GR Marsh,1986-1992,117,115,6,4357,126*,39.97,7790,55.93,9,22,4,,,,,,,,,,,,,,
GS Chappell,1971-1983,74,72,14,2331,138*,40.18,3079,75.7,3,14,7,,,,,,,,,,,,,,
GW Flower,1992-2010,221,214,18,6571,142*,33.52,9723,67.58,6,40,18,,1992-2010,221,156,5462,4225,104,4/32,40.62,4.64,52.5,2,0,
H Klaasen,2018-2025,60,56,7,2141,174,43.69,1829,117.05,4,11,2,,,,,,,,,,,,,,
H Masakadza,2001-2019,209,208,4,5658,178*,27.73,7728,73.21,5,34,15,,,,,,,,,,,,,,
HDPK Dharmasena,,,,,,,,,,,,,,1994-2004,141,134,7009,4998,138,4/37,36.21,4.27,50.7,1,0,
HDRL Thirimanne,2010-2019,127,106,14,3194,139*,34.71,4419,72.27,4,21,7,,,,,,,,,,,,,,
HE van der Dussen,2019-2025,71,65,12,2657,134,50.13,3053,87.02,6,17,3,,,,,,,,,,,,,,
HG Munsey,2017-2026,77,75,10,2777,191,42.72,3080,90.16,3,19,5,,,,,,,,,,,,,,
HH Dippenaar,1999-2007,107,95,14,3421,125*,42.23,5047,67.78,4,26,4,,,,,,,,,,,,,,
HH Gibbs,1996-2010,248,240,16,8094,175,36.13,9721,83.26,21,37,22,,,,,,,,,,,,,,
HH Pandya,,,,,,,,,,,,,,2016-2025,94,88,3460,3231,91,4/24,35.5,5.6,38,1,0,
HH Streak,1993-2005,189,159,55,2943,79*,28.29,4008,73.42,0,13,6,,1993-2005,189,185,9468,7129,239,5/32,29.82,4.51,39.6,7,1,
HM Amla,2008-2019,181,178,14,8113,159,49.46,9178,88.39,27,39,4,,,,,,,,,,,,,,
HM Nicholls,2015-2026,92,90,16,2415,124*,32.63,3065,78.79,1,17,8,,,,,,,,,,,,,,
HP Tillakaratne,1986-2003,200,168,40,3789,104,29.6,6588,57.51,2,13,10,,,,,,,,,,,,,,
Habibul Bashar,1995-2007,111,105,5,2168,78,21.68,3586,60.45,0,14,18,,,,,,,,,,,,,,
Harbhajan Singh,,,,,,,,,,,,,,1998-2015,236,227,12479,8973,269,5/31,33.35,4.31,46.3,2,3,
Haris Rauf,,,,,,,,,,,,,,2020-2026,59,59,2850,2750,107,5/18,25.7,5.78,26.6,5,2,
Hasan Ali,,,,,,,,,,,,,,2016-2025,68,66,3286,3179,102,5/34,31.16,5.8,32.2,2,4,
Hashmatullah Shahidi,2013-2026,96,94,16,2607,102,33.42,3845,67.8,1,22,6,,,,,,,,,,,,,,
I Sharma,,,,,,,,,,,,,,2007-2016,80,78,3733,3563,115,4/34,30.98,5.72,32.4,6,0,
IDR Bradshaw,,,,,,,,,,,,,,2004-2007,62,62,3172,2299,78,3/15,29.47,4.34,40.6,0,0,
IJ Harvey,,,,,,,,,,,,,,1997-2004,73,70,3279,2577,85,4/16,30.31,4.71,38.5,4,0,
IJL Trott,2009-2013,68,65,10,2819,137,51.25,3658,77.06,4,22,5,,,,,,,,,,,,,,
IK Pathan,,,,,,,,,,,,,,2004-2012,120,118,5855,5142,173,5/27,29.72,5.26,33.8,5,2,
IR Bell,2004-2015,161,157,14,5416,141,37.87,7019,77.16,4,35,6,,,,,,,,,,,,,,
IR Bishop,,,,,,,,,,,,,,1988-1997,84,83,4332,3127,118,5/25,26.5,4.33,36.7,7,2,
IT Botham,1976-1992,116,106,15,2113,79,23.21,2671,79.1,0,9,6,,1976-1992,116,115,6271,4139,145,4/31,28.54,3.96,43.2,3,0,
IVA Richards,1975-1991,187,167,24,6721,189*,47,7451,90.2,11,45,7,,1975-1991,187,131,5644,4228,118,6/41,35.83,4.49,47.8,1,2,
Iftikhar Anjum,,,,,,,,,,,,,,2004-2010,62,60,2960,2430,77,5/30,31.55,4.92,38.4,2,1,
Ijaz Ahmed,1986-2000,250,232,29,6564,139*,32.33,8174,80.3,10,37,14,,,,,,,,,,,,,,
Imam-ul-Haq,2017-2025,75,74,7,3152,151,47.04,3846,81.95,9,20,3,,,,,,,,,,,,,,
Imran Khan,1974-1992,175,151,40,3709,102*,33.41,5105,72.65,1,19,6,,1974-1992,175,153,7461,4844,182,6/14,26.61,3.89,40.9,3,1,
Imran Tahir,,,,,,,,,,,,,,2011-2019,107,104,5541,4297,173,7/45,24.83,4.65,32,7,3,
Imrul Kayes,2008-2018,78,78,2,2434,144,32.02,3423,71.1,4,16,2,,,,,,,,,,,,,,
Inzamam-ul-Haq,1991-2007,378,350,53,11739,137*,39.52,15812,74.24,10,83,20,,,,,,,,,,,,,,
J Garner,,,,,,,,,,,,,,1977-1987,98,98,5330,2752,146,5/31,18.84,3.09,36.5,2,3,
J Srinath,,,,,,,,,,,,,,1991-2003,229,227,11935,8847,315,5/23,28.08,4.44,37.8,7,3,
JC Adams,1992-2001,127,105,28,2204,82,28.62,3614,60.98,0,14,7,,,,,,,,,,,,,,
JC Buttler,2012-2026,202,174,31,5578,162*,39,4832,115.43,11,29,15,,,,,,,,,,,,,,
JDP Oram,2001-2012,160,116,15,2434,101*,24.09,2810,86.61,1,13,8,,2001-2012,160,154,6911,5047,173,5/26,29.17,4.38,39.9,3,2,
JE Emburey,,,,,,,,,,,,,,1980-1993,61,61,3425,2346,76,4/37,30.86,4.1,45,2,0,
JE Root,2013-2026,192,181,28,7826,166*,51.15,8907,87.86,20,48,9,,,,,,,,,,,,,,
JE Taylor,,,,,,,,,,,,,,2003-2017,90,88,4341,3780,128,5/48,29.53,5.22,33.9,3,1,
JEC Franklin,,,,,,,,,,,,,,2001-2013,110,97,3848,3354,81,5/42,41.4,5.22,47.5,0,1,
JG Wright,1978-1992,149,148,1,3891,101,26.46,6804,57.18,1,24,9,,,,,,,,,,,,,,
JH Kallis,1996-2014,328,314,53,11579,139,44.36,15885,72.89,17,86,17,,1996-2014,328,283,10750,8680,273,5/30,31.79,4.84,39.3,2,2,
JJ Bumrah,,,,,,,,,,,,,,2016-2026,91,90,4694,3585,151,6/19,23.74,4.58,31,6,2,
JJ Roy,2015-2023,116,110,3,4271,180,39.91,4047,105.53,12,21,11,,,,,,,,,,,,,,
JM Anderson,,,,,,,,,,,,,,2002-2015,194,191,9584,7861,269,5/23,29.22,4.92,35.6,11,2,
JM Bairstow,2011-2023,107,98,8,3868,141*,42.97,3758,102.92,11,17,9,,,,,,,,,,,,,,
JN Gillespie,,,,,,,,,,,,,,1996-2005,97,96,5144,3611,142,5/22,25.42,4.21,36.2,3,3,
JN Rhodes,1992-2003,245,220,51,5935,121,35.11,7336,80.9,2,33,12,,,,,,,,,,,,,,
JO Holder,2013-2023,138,114,24,2237,99*,24.85,2479,90.23,0,12,11,,2013-2023,138,134,6402,5878,159,5/27,36.96,5.5,40.2,5,2,
JP Duminy,2004-2019,199,179,40,5117,150*,36.81,6052,84.55,4,27,7,,,,,,,,,,,,,,
JP Faulkner,,,,,,,,,,,,,,2013-2017,69,67,3211,2962,96,4/32,30.85,5.53,33.4,4,0,
JR Hazlewood,,,,,,,,,,,,,,2010-2025,96,95,4978,3928,142,6/52,27.66,4.73,35,1,3,
JR Ratnayeke,,,,,,,,,,,,,,1982-1990,78,76,3573,2866,85,4/23,33.71,4.81,42,1,0,
Javed Miandad,1975-1996,233,218,41,7381,119*,41.7,11014,67.01,8,50,8,,,,,,,,,,,,,,
Junaid Khan,,,,,,,,,,,,,,2011-2019,76,76,3601,3216,110,4/12,29.23,5.35,32.7,4,0,
Junaid Siddique,,,,,,,,,,,,,,2019-2026,67,66,3142,2653,98,6/49,27.07,5.06,32,1,1,
K Rabada,,,,,,,,,,,,,,2015-2025,106,104,5444,4613,168,6/16,27.45,5.08,32.4,6,2,
K Srikkanth,1981-1992,146,145,4,4091,123,29.01,5702,71.74,4,27,11,,,,,,,,,,,,,,
KA Pollard,2007-2022,123,113,9,2706,119,26.01,2866,94.41,3,13,15,,,,,,,,,,,,,,
KAJ Roach,,,,,,,,,,,,,,2008-2022,95,93,4579,3885,125,6/27,31.08,5.09,36.6,3,3,
KC Sangakkara,2000-2015,404,380,41,14234,169,41.98,18048,78.86,25,93,15,,,,,,,,,,,,,,
KC Wessels,1983-1994,109,105,7,3367,107,34.35,6088,55.3,1,26,0,,,,,,,,,,,,,,
KD Mills,,,,,,,,,,,,,,2001-2015,170,169,8230,6485,240,5/25,27.02,4.72,34.2,8,1,
KIC Asalanka,2021-2026,85,76,10,2779,127,42.1,3065,90.66,5,17,5,,,,,,,,,,,,,,
KJ Coetzer,2008-2023,89,87,5,3192,156,38.92,3875,82.37,5,21,8,,,,,,,,,,,,,,
KJ O'Brien,2006-2021,153,141,18,3619,142,29.42,4076,88.78,2,18,6,,2006-2021,153,116,4296,3726,114,4/13,32.68,5.2,37.6,5,0,
KL Rahul,2016-2026,98,90,21,3412,112*,49.44,3746,91.08,8,20,4,,,,,,,,,,,,,,
KMDN Kulasekara,,,,,,,,,,,,,,2003-2017,184,181,8263,6751,199,5/22,33.92,4.9,41.5,4,1,
KP Pietersen,2004-2013,136,125,16,4440,130,40.73,5128,86.58,9,25,7,,,,,,,,,,,,,,
KR Rutherford,1985-1995,121,115,9,3143,108,29.65,4888,64.3,2,18,6,,,,,,,,,,,,,,
KS Williamson,2010-2025,175,167,18,7256,148,48.69,8893,81.59,15,47,6,,,,,,,,,,,,,,
Kamran Akmal,2002-2017,157,138,14,3236,124,26.09,3855,83.94,5,10,10,,,,,,,,,,,,,,
Karan KC,,,,,,,,,,,,,,2018-2026,71,71,3100,2660,98,5/33,27.14,5.14,31.6,6,3,
Kuldeep Yadav,,,,,,,,,,,,,,2017-2026,121,118,6204,5247,194,6/25,27.04,5.07,31.9,9,2,
L Klusener,1996-2004,171,137,50,3576,103*,41.1,3977,89.91,2,19,13,,1996-2004,171,164,7336,5751,192,6/49,29.95,4.7,38.2,1,6,
L Ngidi,,,,,,,,,,,,,,2018-2025,75,74,3461,3350,115,6/58,29.13,5.8,30,4,2,
L Vincent,2001-2007,102,99,10,2413,172,27.11,3453,69.88,3,11,8,,,,,,,,,,,,,,
LD Chandimal,2010-2022,157,142,21,3854,111,31.85,5191,74.24,4,24,11,,,,,,,,,,,,,,
LE Plunkett,,,,,,,,,,,,,,2005-2019,89,87,4137,4010,135,5/52,29.7,5.81,30.6,6,1,
LH Ferguson,,,,,,,,,,,,,,2016-2023,65,64,3300,3124,99,5/45,31.55,5.68,33.3,2,1,
LL Tsotsobe,,,,,,,,,,,,,,2009-2013,61,60,2964,2347,94,4/22,24.96,4.75,31.5,7,0,
LRPL Taylor,2006-2022,236,220,39,8607,181*,47.55,10330,83.32,21,51,9,,,,,,,,,,,,,,
Litton Das,2015-2026,104,103,10,2869,176,30.84,3355,85.51,5,14,16,,,,,,,,,,,,,,
M Azharuddin,1985-2000,334,308,54,9378,153*,36.92,12669,74.02,7,58,9,,,,,,,,,,,,,,
M Dillon,,,,,,,,,,,,,,1997-2005,108,107,5480,4218,130,5/29,32.44,4.61,42.1,3,3,
M Kaif,2002-2006,125,110,24,2753,111*,32.01,3822,72.03,2,17,8,,,,,,,,,,,,,,
M Morkel,,,,,,,,,,,,,,2007-2018,117,114,5760,4761,188,5/21,25.32,4.95,30.6,7,2,
M Muralidaran,,,,,,,,,,,,,,1993-2011,350,341,18811,12326,534,7/30,23.08,3.93,35.2,15,10,
M Ntini,,,,,,,,,,,,,,1998-2009,173,171,8687,6559,266,6/22,24.65,4.53,32.6,8,4,
M Prabhakar,,,,,,,,,,,,,,1984-1996,130,127,6360,4534,157,5/33,28.87,4.27,40.5,4,2,
M Theekshana,,,,,,,,,,,,,,2021-2026,61,59,2949,2241,81,4/25,27.66,4.55,36.4,7,0,
MA Holding,,,,,,,,,,,,,,1976-1987,102,102,5473,3034,142,5/26,21.36,3.32,38.5,5,1,
MA Starc,,,,,,,,,,,,,,2010-2025,130,130,6638,5826,247,6/28,23.58,5.26,26.8,12,9,
MA Taylor,1989-1997,113,110,1,3514,105,32.23,5908,59.47,1,28,4,,,,,,,,,,,,,,
MA Wood,,,,,,,,,,,,,,2015-2025,70,69,3506,3266,80,4/33,40.82,5.58,43.8,2,0,
MC Snedden,,,,,,,,,,,,,,1980-1990,93,90,4525,3237,114,4/34,28.39,4.29,39.6,1,0,
MD Crowe,1982-1995,143,140,18,4704,107*,38.55,6476,72.63,4,34,3,,,,,,,,,,,,,,
MD Marshall,,,,,,,,,,,,,,1980-1992,136,134,7175,4233,157,4/18,26.96,3.53,45.7,6,0,
MD Patel,2019-2026,75,74,4,2377,130,33.95,2937,80.93,3,18,11,,,,,,,,,,,,,,
MDKJ Perera,2013-2023,116,111,5,3237,135,30.53,3485,92.88,6,17,12,,,,,,,,,,,,,,
ME Trescothick,2000-2006,123,122,6,4335,137,37.37,5087,85.21,12,21,13,,,,,,,,,,,,,,
ME Waugh,1988-2002,244,236,20,8500,173,39.35,11053,76.9,18,50,16,,1988-2002,244,120,3687,2938,85,5/24,34.56,4.78,43.3,1,1,
MEK Hussey,2004-2012,185,157,44,5442,109*,48.15,6243,87.16,3,39,3,,,,,,,,,,,,,,
MF Maharoof,,,,,,,,,,,,,,2004-2016,109,105,4640,3789,135,6/14,28.06,4.89,34.3,4,2,
MG Bevan,1994-2004,232,196,67,6912,108*,53.58,9320,74.16,6,46,5,,,,,,,,,,,,,,
MG Erasmus,2019-2026,68,66,5,2268,125,37.18,2924,77.56,2,18,4,,,,,,,,,,,,,,
MG Johnson,,,,,,,,,,,,,,2005-2015,153,150,7489,6038,239,6/31,25.26,4.83,31.3,9,3,
MH Cross,2014-2026,117,102,3,2350,114,23.73,3258,72.13,2,12,3,,,,,,,,,,,,,,
MJ Clarke,2003-2015,245,223,44,7981,130,44.58,10104,78.98,8,58,10,,,,,,,,,,,,,,
MJ Greatbatch,1988-1996,84,83,5,2206,111,28.28,3099,71.18,2,13,7,,,,,,,,,,,,,,
MJ Guptill,2009-2022,198,195,19,7346,237*,41.73,8415,87.29,18,39,16,,,,,,,,,,,,,,
MJ Henry,,,,,,,,,,,,,,2014-2025,95,93,4946,4298,172,5/30,24.98,5.21,28.7,13,3,
MJ McClenaghan,,,,,,,,,,,,,,2013-2016,48,45,2336,2313,82,5/58,28.2,5.94,28.4,6,1,
MJ Santner,,,,,,,,,,,,,,2015-2026,129,123,6146,4870,139,5/50,35.03,4.75,44.2,0,2,
ML Hayden,1993-2008,161,155,15,6133,181*,43.8,7767,78.96,10,36,9,,,,,,,,,,,,,,
MM Ali,2014-2023,138,112,15,2355,128,24.27,2399,98.16,3,6,6,,2014-2023,138,128,5988,5311,111,4/46,47.84,5.32,53.9,2,0,
MM Patel,,,,,,,,,,,,,,2006-2011,70,67,3154,2603,86,4/29,30.26,4.95,36.6,3,0,
MN Samuels,2000-2018,207,196,26,5606,133*,32.97,7463,75.11,10,30,11,,2000-2018,207,134,5091,4127,89,3/12,46.37,4.86,57.2,0,0,
MP O'Dowd,2019-2026,69,68,4,2226,158*,34.78,2996,74.29,1,16,4,,,,,,,,,,,,,,
MR Marsh,2011-2025,99,95,12,3098,177*,37.32,3276,94.56,4,20,7,,,,,,,,,,,,,,
MRJ Watt,,,,,,,,,,,,,,2016-2026,89,87,4582,3260,119,5/33,27.39,4.26,38.5,3,1,
MS Atapattu,1990-2007,268,259,32,8529,132*,37.57,12594,67.72,11,59,13,,,,,,,,,,,,,,
MS Dhoni,2004-2019,350,297,84,10773,183*,50.57,12303,87.56,10,73,10,,,,,,,,,,,,,,
MV Boucher,1998-2011,295,221,57,4686,147*,28.57,5528,84.76,1,26,16,,,,,,,,,,,,,,
MW Gatting,1977-1993,92,88,17,2095,115*,29.5,2968,70.58,1,9,4,,,,,,,,,,,,,,
Mahmudullah,2007-2025,239,209,53,5689,128*,36.46,7327,77.64,4,32,10,,2007-2025,239,153,4380,3809,82,3/4,46.45,5.21,53.4,0,0,
Mashrafe Mortaza,,,,,,,,,,,,,,2001-2020,220,220,10922,8893,270,6/26,32.93,4.88,40.4,7,1,
Mehidy Hasan Miraz,,,,,,,,,,,,,,2017-2026,125,122,6119,4800,132,4/25,36.36,4.7,46.3,5,0,
Misbah-ul-Haq,2002-2015,162,149,31,5122,96*,43.4,6945,73.75,0,42,6,,,,,,,,,,,,,,
Mohammad Amir,,,,,,,,,,,,,,2009-2019,61,60,3013,2400,81,5/30,29.62,4.77,37.1,1,1,
Mohammad Ashraful,2001-2013,177,169,13,3468,109,22.23,4947,70.1,3,20,14,,,,,,,,,,,,,,
Mohammad Hafeez,2003-2019,218,216,15,6614,140*,32.9,8633,76.61,11,38,19,,2003-2019,218,177,7733,5400,139,4/41,38.84,4.18,55.6,1,0,
Mohammad Irfan,,,,,,,,,,,,,,2010-2016,60,60,3109,2549,83,4/30,30.71,4.91,37.4,2,0,
Mohammad Nabi,2009-2026,178,156,18,3792,136,27.47,4308,88.02,2,18,6,,2009-2026,178,167,8054,5806,177,5/17,32.8,4.32,45.5,4,1,
Mohammad Rafique,,,,,,,,,,,,,,1995-2007,125,124,6414,4739,125,5/47,37.91,4.43,51.3,3,1,
Mohammad Rizwan,2015-2026,103,94,21,2979,131*,40.8,3519,84.65,4,19,3,,,,,,,,,,,,,,
Mohammad Sami,,,,,,,,,,,,,,2001-2015,87,85,4284,3567,121,5/10,29.47,4.99,35.4,3,1,
Mohammad Shahzad,2009-2019,84,84,3,2727,131*,33.66,3082,88.48,6,14,4,,,,,,,,,,,,,,
Mohammad Yousuf,1998-2010,288,273,40,9720,141*,41.71,12942,75.1,15,64,15,,,,,,,,,,,,,,
Mohammed Shami,,,,,,,,,,,,,,2013-2025,108,107,5326,4955,206,7/57,24.05,5.58,25.8,10,6,
Mohammed Siraj,,,,,,,,,,,,,,2019-2026,50,49,2251,1925,76,6/21,25.32,5.13,29.6,2,1,
Moin Khan,1990-2004,219,183,41,3266,72*,23,4017,81.3,0,12,17,,,,,,,,,,,,,,
Mudassar Nazar,1977-1989,122,115,10,2653,95,25.26,5130,51.71,0,16,6,,1977-1989,122,104,4855,3432,111,5/28,30.91,4.24,43.7,1,1,
Mujeeb Ur Rahman,,,,,,,,,,,,,,2017-2023,75,74,3968,2863,101,5/50,28.34,4.32,39.2,3,1,
Mushfiqur Rahim,2006-2025,274,256,42,7795,144,36.42,9780,79.7,9,49,12,,,,,,,,,,,,,,
Mushtaq Ahmed,,,,,,,,,,,,,,1989-2003,144,142,7543,5361,161,5/36,33.29,4.26,46.8,3,1,
Mustafizur Rahman,,,,,,,,,,,,,,2015-2026,124,122,5909,5076,193,6/43,26.3,5.15,30.6,6,6,
N Boje,,,,,,,,,,,,,,1995-2005,115,108,4541,3415,96,5/21,35.57,4.51,47.3,2,1,
N Hussain,1989-2003,88,87,10,2332,115,30.28,3481,66.99,1,16,6,,,,,,,,,,,,,,
N Kapil Dev,1978-1994,225,198,39,3783,175*,23.79,3979,95.07,1,14,13,,1978-1994,225,221,11202,6945,253,5/43,27.45,3.71,44.2,3,1,
NJ Astle,1995-2007,223,217,14,7090,145*,34.92,9760,72.64,16,41,19,,1995-2007,223,159,4850,3809,99,4/43,38.47,4.71,48.9,1,0,
NJ O'Brien,2006-2018,103,101,9,2581,109,28.05,3638,70.94,1,18,3,,,,,,,,,,,,,,
NLTC Perera,2009-2021,166,133,16,2338,140,19.98,2086,112.08,1,10,11,,2009-2021,166,157,5900,5740,175,6/44,32.8,5.83,33.7,5,4,
NS Sidhu,1987-1998,136,127,8,4413,134*,37.08,6329,69.72,6,33,7,,,,,,,,,,,,,,
NV Knight,1996-2003,100,100,10,3637,125*,40.41,5085,71.52,5,25,6,,,,,,,,,,,,,,
NW Bracken,,,,,,,,,,,,,,2001-2009,116,116,5759,4240,174,5/47,24.36,4.41,33,5,2,
Naved-ul-Hasan,,,,,,,,,,,,,,2003-2010,74,72,3466,3221,110,6/27,29.28,5.57,31.5,6,1,
P Kumar,,,,,,,,,,,,,,2007-2012,68,67,3242,2774,77,4/31,36.02,5.13,42.1,3,0,
P Nissanka,2021-2026,79,78,5,2999,210*,41.08,3366,89.09,7,19,6,,,,,,,,,,,,,,
P Utseya,,,,,,,,,,,,,,2004-2015,164,160,8571,6239,133,5/36,46.9,4.36,64.4,2,1,
PA Strang,,,,,,,,,,,,,,1994-2001,95,89,4351,3173,96,5/21,33.05,4.37,45.3,2,2,
PA de Silva,1984-2003,308,296,30,9284,145,34.9,11443,81.13,11,64,17,,1984-2003,308,156,5148,4177,106,4/30,39.4,4.86,48.5,2,0,
PAJ DeFreitas,,,,,,,,,,,,,,1987-1997,103,103,5712,3775,115,4/35,32.82,3.96,49.6,1,0,
PD Collingwood,2001-2011,197,181,37,5092,120*,35.36,6614,76.98,5,26,7,,2001-2011,197,151,5186,4294,111,6/31,38.68,4.96,46.7,3,1,
PJ Cummins,,,,,,,,,,,,,,2011-2024,90,90,4683,4116,143,5/70,28.78,5.27,32.7,6,1,
PJ Ongondo,,,,,,,,,,,,,,1999-2011,79,79,3102,2350,78,5/51,30.12,4.54,39.7,1,1,
PL Taylor,,,,,,,,,,,,,,1987-1992,83,80,3937,2740,97,4/38,28.24,4.17,40.5,1,0,
PR Reiffel,,,,,,,,,,,,,,1992-1999,92,92,4732,3096,106,4/13,29.2,3.92,44.6,5,0,
PR Stirling,2008-2025,170,162,3,6005,177,37.76,6864,87.48,14,32,13,,,,,,,,,,,,,,
PS de Villiers,,,,,,,,,,,,,,1992-1997,83,82,4422,2636,95,4/27,27.74,3.57,46.5,2,0,
PV Simmons,1987-1999,143,138,11,3675,122,28.93,5407,67.96,5,18,14,,1987-1999,143,103,3880,2876,83,4/3,34.65,4.44,46.7,2,0,
PW Hasaranga,,,,,,,,,,,,,,2017-2026,71,69,3305,2807,113,7/19,24.84,5.09,29.2,5,4,
Q de Kock,2013-2025,161,161,8,7123,178,46.55,7367,96.68,23,32,5,,,,,,,,,,,,,,
R Ashwin,,,,,,,,,,,,,,2010-2023,116,114,6303,5180,156,4/25,33.2,4.93,40.4,1,0,
R Dravid,1996-2011,344,318,40,10889,153,39.16,15285,71.23,12,83,13,,,,,,,,,,,,,,
R McLaren,,,,,,,,,,,,,,2009-2014,54,51,2403,2102,77,4/19,27.29,5.24,31.2,5,0,
R Ngarava,,,,,,,,,,,,,,2017-2026,57,54,2533,2234,76,5/32,29.39,5.29,33.3,1,1,
R Rampaul,,,,,,,,,,,,,,2003-2015,92,88,4033,3434,117,5/49,29.35,5.1,34.4,8,2,
R Trumpelmann,,,,,,,,,,,,,,2021-2026,53,51,2474,1986,77,5/30,25.79,4.81,32.1,2,2,
RA Harper,,,,,,,,,,,,,,1983-1996,105,99,5175,3431,100,4/40,34.31,3.97,51.7,3,0,
RA Jadeja,2009-2026,210,142,52,2905,87,32.27,3396,85.54,0,13,6,,2009-2026,210,202,10404,8478,232,5/33,36.54,4.88,44.8,7,2,
RA Smith,1988-1996,71,70,8,2419,167*,39.01,3473,69.65,4,15,4,,,,,,,,,,,,,,
RAS Lakmal,,,,,,,,,,,,,,2009-2021,86,84,3881,3534,109,4/13,32.42,5.46,35.6,3,0,
RB Richardson,1983-1996,224,217,30,6248,122,33.41,9801,63.74,5,44,8,,,,,,,,,,,,,,
RD Berrington,2008-2026,140,131,17,3693,127,32.39,4868,75.86,6,21,8,,,,,,,,,,,,,,
RD King,,,,,,,,,,,,,,1998-2005,50,50,2603,1807,76,4/25,23.77,4.16,34.2,2,0,
RG Sharma,2007-2026,288,280,37,11895,264,48.95,12784,93.04,34,62,16,,,,,,,,,,,,,,
RG Twose,1995-2001,87,81,11,2717,103,38.81,3603,75.4,1,20,5,,,,,,,,,,,,,,
RGD Willis,,,,,,,,,,,,,,1973-1984,64,64,3595,1968,80,4/11,24.6,3.28,44.9,4,0,
RJ Ratnayake,,,,,,,,,,,,,,1982-1993,70,70,3575,2712,76,5/32,35.68,4.55,47,1,1,
RJ Shastri,1981-1992,150,128,21,3108,109,29.04,5089,61.07,4,18,5,,1981-1992,150,136,6613,4650,129,5/15,36.04,4.21,51.2,2,1,
RK Paudel,2018-2026,86,81,6,2246,126,29.94,3040,73.88,2,12,5,,,,,,,,,,,,,,
RM Hogg,,,,,,,,,,,,,,1979-1985,71,67,3677,2418,85,4/29,28.44,3.94,43.2,5,0,
RMH Binny,,,,,,,,,,,,,,1980-1987,72,67,2957,2260,77,4/29,29.35,4.58,38.4,3,0,
RP Arnold,1997-2007,180,155,43,3950,103,35.26,5443,72.57,1,28,7,,,,,,,,,,,,,,
RR Sarwan,2000-2013,181,169,33,5804,120*,42.67,7663,75.74,5,38,8,,,,,,,,,,,,,,
RR Singh,1989-2001,136,113,23,2336,100,25.95,3144,74.3,1,9,5,,,,,,,,,,,,,,
RS Bopara,2007-2015,120,109,21,2695,101*,30.62,3462,77.84,1,14,4,,,,,,,,,,,,,,
RS Kaluwitharana,1990-2004,189,181,14,3711,102*,22.22,4776,77.7,2,23,24,,,,,,,,,,,,,,
RS Mahanama,1986-1999,213,198,23,5162,119*,29.49,8521,60.57,4,35,15,,,,,,,,,,,,,,
RT Ponting,1995-2012,375,365,39,13704,164,42.03,17046,80.39,30,82,20,,,,,,,,,,,,,,
RW Price,,,,,,,,,,,,,,2002-2012,102,99,5374,3575,100,4/22,35.75,3.99,53.7,1,0,
Rahmat Shah,2013-2026,128,123,6,4121,114,35.22,5773,71.38,5,33,5,,,,,,,,,,,,,,
Ramiz Raja,1985-1997,198,197,15,5841,119*,32.09,9226,63.31,9,31,15,,,,,,,,,,,,,,
Rashid Khan,,,,,,,,,,,,,,2015-2026,120,112,6008,4265,214,7/18,19.92,4.25,28,6,6,
Rohan Mustafa,,,,,,,,,,,,,,2014-2023,81,80,3787,2831,85,5/25,33.3,4.48,44.5,1,1,
Rubel Hossain,,,,,,,,,,,,,,2009-2021,104,102,4678,4427,129,6/26,34.31,5.67,36.2,7,1,
S Chanderpaul,1994-2011,268,251,40,8778,150,41.6,12408,70.74,11,59,6,,,,,,,,,,,,,,
S Dhawan,2010-2022,167,164,10,6793,143,44.11,7436,91.35,17,39,5,,,,,,,,,,,,,,
S Lamichhane,,,,,,,,,,,,,,2018-2026,76,74,4154,3033,154,6/11,19.69,4.38,26.9,9,3,
S Matsikenyeri,2002-2015,113,110,9,2224,90,22.01,3072,72.39,0,13,8,,,,,,,,,,,,,,
SA Edwards,2018-2026,73,67,10,2227,86,39.07,2570,86.65,0,22,4,,,,,,,,,,,,,,
SB Styris,1999-2011,188,161,23,4483,141,32.48,5645,79.41,4,28,9,,1999-2011,188,161,6114,4839,137,6/25,35.32,4.74,44.6,4,1,
SC Ganguly,1992-2007,311,300,23,11363,183,41.02,15416,73.7,22,72,16,,1992-2007,311,171,4561,3849,100,5/16,38.49,5.06,45.6,1,2,
SC Williams,2005-2025,164,159,20,5217,174,37.53,6000,86.95,8,37,9,,2005-2025,164,133,5014,4097,86,4/43,47.63,4.9,58.3,1,0,
SCJ Broad,,,,,,,,,,,,,,2006-2016,121,121,6109,5364,178,5/23,30.13,5.26,34.3,9,1,
SD Hope,2016-2026,155,149,23,6312,170,50.09,7905,79.84,19,32,6,,,,,,,,,,,,,,
SE Bond,,,,,,,,,,,,,,2002-2010,82,80,4295,3070,147,6/19,20.88,4.28,29.2,7,4,
SE Marsh,2008-2019,73,72,4,2773,151,40.77,3406,81.41,7,15,3,,,,,,,,,,,,,,
SJ Harmison,,,,,,,,,,,,,,2002-2009,58,57,2899,2481,76,5/33,32.64,5.13,38.1,2,1,
SK Raina,2005-2018,226,194,35,5615,116*,35.31,6005,93.5,5,36,14,,,,,,,,,,,,,,
SK Warne,,,,,,,,,,,,,,1993-2005,194,191,10642,7541,293,5/33,25.73,4.25,36.3,12,1,
SL Campbell,1994-2001,90,87,0,2283,105,26.24,3853,59.25,2,14,9,,,,,,,,,,,,,,
SL Malinga,,,,,,,,,,,,,,2004-2019,226,220,10936,9760,338,6/38,28.87,5.35,32.3,11,8,
SM Gavaskar,1974-1987,108,102,14,3092,103*,35.13,4966,62.26,1,27,8,,,,,,,,,,,,,,
SM Pollock,1996-2008,303,205,72,3519,130,26.45,4059,86.69,1,14,20,,1996-2008,303,297,15712,9631,393,6/35,24.5,3.67,39.9,12,5,
SM Sharif,,,,,,,,,,,,,,2011-2026,94,93,4270,3580,119,5/33,30.08,5.03,35.8,3,2,
SN Netravalkar,,,,,,,,,,,,,,2019-2026,74,73,3817,2616,116,5/32,22.55,4.11,32.9,3,2,
SO Tikolo,1996-2014,135,130,12,3428,111,29.05,4524,75.77,3,24,13,,1996-2014,135,99,4016,3215,94,4/41,34.2,4.8,42.7,2,0,
SP Fleming,1994-2007,280,269,21,8037,134*,32.4,11242,71.49,8,49,17,,,,,,,,,,,,,,
SP Narine,,,,,,,,,,,,,,2011-2016,65,65,3540,2435,92,6/27,26.46,4.12,38.4,4,2,
SP O'Donnell,,,,,,,,,,,,,,1985-1991,87,87,4350,3102,108,5/13,28.72,4.27,40.2,5,1,
SPD Smith,2010-2025,170,154,20,5800,164,43.28,6669,86.96,12,35,8,,,,,,,,,,,,,,
SR Tendulkar,1989-2012,463,452,41,18426,200*,44.83,21368,86.23,49,96,20,,1989-2012,463,270,8054,6850,154,5/32,44.48,5.1,52.2,4,2,
SR Watson,2002-2015,190,169,27,5757,185*,40.54,6365,90.44,9,33,12,,2002-2015,190,163,6466,5342,168,4/36,31.79,4.95,38.4,3,0,
SR Waugh,1986-2002,325,288,58,7569,120*,32.9,9971,75.91,3,45,15,,1986-2002,325,207,8883,6761,195,4/33,34.67,4.56,45.5,3,0,
SS Iyer,2017-2026,82,76,7,3136,128*,45.44,3205,97.84,5,24,2,,,,,,,,,,,,,,
ST Finn,,,,,,,,,,,,,,2011-2017,69,67,3550,2996,102,5/33,29.37,5.06,34.8,4,2,
ST Jayasuriya,1989-2011,445,433,18,13430,189,32.36,14725,91.2,28,68,34,,1989-2011,445,368,14874,11871,323,6/29,36.75,4.78,46,8,4,
SV Carlisle,1995-2005,111,107,8,2740,121*,27.67,4325,63.35,3,9,11,,,,,,,,,,,,,,
Saeed Ajmal,,,,,,,,,,,,,,2008-2015,113,112,6000,4182,184,5/24,22.72,4.18,32.6,6,2,
Saeed Anwar,1989-2003,247,244,19,8824,194,39.21,10938,80.67,20,43,15,,,,,,,,,,,,,,
Saleem Malik,1982-1999,283,256,38,7170,102,32.88,9383,76.41,5,47,19,,1982-1999,283,120,3505,2959,89,5/35,33.24,5.06,39.3,1,1,
Salman Butt,2004-2010,78,78,4,2725,136,36.82,3572,76.28,8,14,15,,,,,,,,,,,,,,
Saqlain Mushtaq,,,,,,,,,,,,,,1995-2003,169,165,8770,6275,288,5/20,21.78,4.29,30.4,11,6,
Sarfaraz Ahmed,2007-2021,117,91,22,2315,105,33.55,2635,87.85,2,11,1,,,,,,,,,,,,,,
Shadab Khan,,,,,,,,,,,,,,2017-2026,73,70,3544,3098,87,4/27,35.6,5.24,40.7,5,0,
Shaheen Shah Afridi,,,,,,,,,,,,,,2018-2026,77,76,3859,3578,146,6/35,24.5,5.56,26.4,8,3,
Shahid Afridi,1996-2015,398,369,27,8064,124,23.57,6892,117,6,39,30,,1996-2015,398,372,17670,13632,395,7/12,34.51,4.62,44.7,4,9,
Shahriar Nafees,2005-2011,75,75,5,2201,123*,31.44,3167,69.49,4,13,11,,,,,,,,,,,,,,
Shakib Al Hasan,2006-2023,247,234,31,7570,134*,37.29,9138,82.84,9,56,12,,2006-2023,247,241,12575,9360,317,5/29,29.52,4.46,39.6,10,4,
Shoaib Akhtar,,,,,,,,,,,,,,1998-2011,163,162,7764,6169,247,6/16,24.97,4.76,31.4,6,4,
Shoaib Malik,1999-2019,287,258,40,7534,143,34.55,9199,81.9,9,44,15,,1999-2019,287,217,7958,6192,158,4/19,39.18,4.66,50.3,1,0,
Shubman Gill,2019-2026,67,66,10,3379,208,60.33,3347,100.95,9,20,1,,,,,,,,,,,,,,
Sikandar Raza,2013-2026,156,147,23,4521,141,36.45,5276,85.68,7,24,3,,2013-2026,156,124,5168,4182,95,4/55,44.02,4.85,54.4,1,0,
Sir RJ Hadlee,,,,,,,,,,,,,,1973-1990,115,112,6182,3407,158,5/25,21.56,3.3,39.1,1,5,
Sompal Kami,,,,,,,,,,,,,,2018-2026,74,73,3263,2885,98,5/33,29.43,5.3,33.2,2,1,
Soumya Sarkar,2014-2026,86,81,4,2488,169,32.31,2653,93.78,3,15,9,,,,,,,,,,,,,,
T Taibu,2001-2012,150,137,21,3393,107*,29.25,5020,67.58,2,22,16,,,,,,,,,,,,,,
TA Boult,,,,,,,,,,,,,,2012-2023,114,113,6180,5146,211,7/34,24.38,4.99,29.2,10,6,
TG Southee,,,,,,,,,,,,,,2008-2023,161,159,8075,7448,221,7/33,33.7,5.53,36.5,5,3,
TL Chatara,,,,,,,,,,,,,,2013-2023,87,87,4254,3752,115,4/33,32.62,5.29,36.9,1,0,
TM Alderman,,,,,,,,,,,,,,1981-1991,65,65,3371,2056,88,5/17,23.36,3.65,38.3,1,2,
TM Dilshan,1999-2016,330,303,41,10290,161*,39.27,11933,86.23,22,47,11,,1999-2016,330,204,5880,4778,106,4/4,45.07,4.87,55.4,3,0,
TM Head,2016-2025,79,76,7,3007,154*,43.57,2844,105.73,7,17,3,,,,,,,,,,,,,,
TM Odoyo,1996-2014,136,119,16,2420,111*,23.49,3438,70.38,1,8,13,,1996-2014,136,129,5649,4335,145,4/25,29.89,4.6,38.9,5,0,
TT Bresnan,,,,,,,,,,,,,,2006-2015,85,84,4221,3813,109,5/48,34.98,5.42,38.7,3,1,
TWM Latham,2012-2026,171,158,21,4664,145*,34.04,5519,84.5,8,27,14,,,,,,,,,,,,,,
Tamim Iqbal,2007-2023,243,240,12,8357,158,36.65,10642,78.52,14,56,19,,,,,,,,,,,,,,
Taskin Ahmed,,,,,,,,,,,,,,2014-2026,94,92,4455,3968,137,5/28,28.96,5.34,32.5,7,2,
UDU Chandana,,,,,,,,,,,,,,1994-2007,147,136,6142,4818,151,5/61,31.9,4.7,40.6,4,1,
UT Yadav,,,,,,,,,,,,,,2010-2018,75,73,3558,3565,106,4/31,33.63,6.01,33.5,4,0,
Umar Akmal,2009-2019,121,110,17,3194,102*,34.34,3712,86.04,2,20,8,,,,,,,,,,,,,,
Umar Gul,,,,,,,,,,,,,,2003-2016,130,128,6064,5253,179,6/42,29.34,5.19,33.8,4,2,
V Kohli,2008-2026,314,302,47,14941,183,58.59,15903,93.95,54,79,18,,,,,,,,,,,,,,
V Sehwag,1999-2013,251,245,9,8273,219,35.05,7929,104.33,15,38,14,,1999-2013,251,146,4392,3853,96,4/6,40.13,5.26,45.7,1,0,
V Sibanda,2003-2016,127,126,4,2994,116,24.54,4716,63.48,2,21,14,,,,,,,,,,,,,,
VG Kambli,1991-2000,104,97,21,2477,106,32.59,3443,71.94,2,14,4,,,,,,,,,,,,,,
VVS Laxman,1998-2006,86,83,7,2338,131,30.76,3282,71.23,6,10,3,,,,,,,,,,,,,,
WB Rankin,,,,,,,,,,,,,,2007-2020,75,73,3702,2955,106,4/15,27.87,4.78,34.9,4,0,
WD Parnell,,,,,,,,,,,,,,2009-2023,73,69,3224,3010,99,5/48,30.4,5.6,32.5,3,2,
WJ Cronje,1992-2000,188,175,31,5565,112,38.64,7277,76.47,2,39,8,,1992-2000,188,153,5357,3966,114,5/32,34.78,4.44,46.9,1,1,
WKM Benjamin,,,,,,,,,,,,,,1986-1995,85,85,4442,3079,100,5/22,30.79,4.15,44.4,0,1,
WPUJC Vaas,,,,,,,,,,,,,,1994-2008,322,320,15775,11014,400,8/19,27.53,4.18,39.4,9,4,
WTS Porterfield,2006-2022,148,145,3,4343,139,30.58,6298,68.95,11,20,12,,,,,,,,,,,,,,
WU Tharanga,2005-2019,235,223,17,6951,174*,33.74,9155,75.92,15,37,17,,,,,,,,,,,,,,
WW Hinds,1999-2010,119,111,10,2880,127*,28.51,4393,65.55,5,14,8,,,,,,,,,,,,,,
Wahab Riaz,,,,,,,,,,,,,,2008-2020,91,90,4327,4117,120,5/46,34.3,5.7,36,5,1,
Waqar Younis,,,,,,,,,,,,,,1989-2003,262,258,12698,9919,416,7/36,23.84,4.68,30.5,14,13,
Wasim Akram,1984-2003,356,280,55,3717,86,16.52,4208,88.33,0,6,28,,1984-2003,356,351,18186,11812,502,5/15,23.52,3.89,36.2,17,6,
YS Chahal,,,,,,,,,,,,,,2016-2023,72,69,3739,3283,121,6/42,27.13,5.26,30.9,5,2,
Younis Khan,2000-2015,265,255,23,7249,144,31.24,9628,75.29,7,48,22,,,,,,,,,,,,,,
Yuvraj Singh,2000-2017,304,278,40,8701,150,36.55,9924,87.67,14,52,18,,2000-2017,304,161,5048,4294,111,5/31,38.68,5.1,45.4,2,1,
Z Khan,,,,,,,,,,,,,,2000-2012,200,197,10097,8301,282,5/42,29.43,4.93,35.8,7,1,
Zaheer Abbas,1974-1985,62,60,6,2572,123,47.62,3033,84.8,7,13,2,,,,,,,,,,,,,,
Zahoor Khan,,,,,,,,,,,,,,2017-2024,62,62,2880,2405,93,6/34,25.86,5.01,30.9,2,1,
